{"83":[109.839714,22.668056],"9":[242.46382,47.241146],"39":[217.05247,32.041843],"41":[130.8194,17.296482],"28":[331.55386,69.99439],"46":[296.935,34.0748],"53":[144.87979,34.63421],"24":[310.84756,49.651077],"18":[271.2574,39.45969],"61":[230.43892,24.69518],"6":[280.70892,42.0044],"3":[349.17212,65.03351],"86":[0.0,0.0],"57":[251.34558,48.62818],"31":[217.06766,31.237995],"15":[335.48013,48.69677],"76":[523.70276,47.163475],"38":[250.7357,17.130661],"52":[111.772964,17.192842],"32":[228.69643,27.733423],"51":[155.92102,31.341915],"45":[244.52386,22.848604],"64":[287.063,31.344313],"71":[61.764862,25.45321],"17":[292.91632,46.46068],"25":[247.39233,21.350573],"73":[210.80379,20.836056],"2":[297.60443,49.214417],"19":[0.0,0.0],"4":[294.01398,41.874195],"29":[239.06189,38.0718],"11":[136.75333,24.592587],"78":[320.91278,42.341473],"50":[0.0,0.0],"60":[357.55923,36.745014],"48":[307.5175,37.121407],"42":[137.58571,65.59072],"21":[134.2361,26.627897],"54":[329.8111,57.616634],"62":[288.94077,24.323637],"70":[419.30542,56.08239],"36":[0.0,0.0],"40":[164.09105,30.241554],"72":[368.5794,57.909744],"68":[342.87448,66.43216],"74":[294.1947,51.04776],"1":[374.43088,62.050343],"79":[331.19775,32.578728],"37":[227.98671,28.507364],"20":[284.55515,35.49993],"56":[223.17325,39.080353],"34":[216.41374,35.955547],"23":[265.4463,41.04857],"10":[374.96942,45.24849],"26":[374.8745,47.665394],"59":[308.41357,30.564045],"0":[293.5261,43.446205],"47":[263.14728,29.324522],"77":[331.57608,27.200506],"12":[163.71342,28.753834],"80":[271.93503,33.57438],"65":[290.80084,68.17694],"33":[250.93597,30.990778],"81":[134.97696,33.454346],"49":[300.45392,23.646393],"66":[248.70975,31.6881],"30":[208.50119,36.629753],"14":[242.12144,28.47331],"27":[253.00458,39.81958],"43":[267.9988,38.002583],"69":[296.93817,51.921837],"84":[80.6006,11.714632],"63":[325.15552,32.919147],"7":[322.3833,48.619087],"16":[251.3054,40.381794],"8":[336.85446,55.86826],"13":[104.63873,22.615847],"82":[96.583595,13.333965],"75":[321.56073,44.516148],"44":[189.89755,13.642374],"58":[352.81348,57.656914],"85":[102.26455,12.721453],"35":[322.03784,55.832817],"55":[233.17961,42.803295],"5":[370.0513,62.601093],"67":[164.79305,24.460072],"22":[0.0,0.0]}