{"77":[5.800465,0.08246423],"70":[6.0291023,0.14011021],"18":[5.5924544,0.14592357],"50":[0.0,0.0],"89":[5.7084484,0.077203706],"21":[4.880264,0.19631086],"22":[0.0,0.0],"4":[5.6732645,0.14480668],"27":[5.5209613,0.1582132],"86":[0.0,0.0],"48":[5.7208824,0.12549573],"53":[4.945518,0.25143412],"83":[4.677474,0.2127022],"67":[5.09319,0.15367883],"63":[5.779062,0.10304775],"61":[5.4341416,0.10875814],"73":[5.34601,0.09946028],"75":[5.763549,0.13925089],"45":[5.4948683,0.09485849],"58":[5.852526,0.16419674],"60":[5.87393,0.104191504],"28":[5.7808523,0.21638803],"12":[5.0823092,0.17918822],"59":[5.726639,0.09764192],"56":[5.3924675,0.17669207],"5":[5.89872,0.17495528],"9":[5.471277,0.20430768],"35":[5.7611256,0.1611658],"36":[0.0,0.0],"47":[5.566381,0.11328071],"51":[5.0293164,0.20070544],"69":[5.6779866,0.17720722],"3":[5.8375373,0.19206281],"87":[5.7032356,0.19828103],"64":[5.6536713,0.11039277],"74":[5.668414,0.18491726],"10":[5.919353,0.12337586],"52":[4.7043138,0.157948],"41":[4.865044,0.13289145],"37":[5.4214354,0.12571052],"71":[3.986605,0.59817606],"65":[5.644877,0.23703814],"19":[0.0,0.0],"38":[5.5220156,0.069594614],"17":[5.6671314,0.1605649],"0":[5.6707945,0.1503727],"55":[5.4346085,0.18675011],"54":[5.7827272,0.17956448],"46":[5.686744,0.117254406],"72":[5.8967967,0.16243103],"88":[5.273099,0.13004564],"24":[5.726312,0.16222937],"79":[5.797871,0.09863502],"25":[5.507274,0.085985616],"7":[5.7639785,0.15488437],"78":[5.762401,0.13298544],"2":[5.681741,0.16884847],"26":[5.91831,0.12975246],"39":[5.3689237,0.15107045],"33":[5.5173116,0.1270253],"84":[4.3642597,0.29514274],"20":[5.6430936,0.12557943],"31":[5.3698707,0.1439513],"85":[4.6198797,0.12391002],"1":[5.9110646,0.17144805],"43":[5.58096,0.14160882],"76":[6.2569637,0.0887269],"32":[5.4248433,0.12380198],"34":[5.3621674,0.17739277],"13":[4.6260123,0.2344084],"82":[4.559939,0.15399767],"66":[5.5081487,0.12775433],"29":[5.464001,0.15995754],"23":[5.569519,0.15433013],"8":[5.8055873,0.16901968],"40":[5.0835056,0.18419185],"81":[4.8738065,0.25213388],"30":[5.3248158,0.17369977],"15":[5.8047915,0.1478029],"16":[5.513821,0.16038156],"11":[4.9024463,0.17644653],"80":[5.59791,0.12400239],"6":[5.6257825,0.15318832],"14":[5.482551,0.11726962],"44":[5.243925,0.0716407],"49":[5.7020435,0.081693955],"57":[5.5074077,0.19929491],"62":[5.6626496,0.08486063],"68":[5.818114,0.19798113],"42":[4.842399,0.37606132]}