{"33":[250.9357,30.990808],"42":[137.58571,65.59071],"79":[331.19797,32.578743],"60":[357.5592,36.745026],"65":[290.80054,68.17695],"64":[287.06296,31.344286],"67":[164.79288,24.460083],"71":[61.76486,25.453222],"49":[300.4536,23.64642],"72":[368.57916,57.90976],"95":[238.20113,39.58426],"32":[228.6966,27.733458],"93":[353.2804,60.404057],"96":[167.34395,24.8539],"40":[164.0912,30.241547],"91":[257.61642,31.991428],"98":[251.06969,27.81935],"17":[292.91666,46.460632],"41":[130.81967,17.296484],"34":[216.41365,35.955578],"8":[336.8547,55.868263],"57":[251.34523,48.62822],"5":[370.0501,62.601185],"88":[196.6771,25.693811],"7":[322.3825,48.619106],"58":[352.8133,57.656864],"36":[0.0,0.0],"3":[349.17218,65.033554],"48":[307.51782,37.121384],"68":[342.87387,66.432106],"51":[155.92085,31.341925],"97":[289.15198,42.5136],"21":[134.23608,26.62786],"46":[296.93524,34.074768],"92":[294.83215,54.85408],"83":[109.83985,22.668064],"66":[248.70993,31.688066],"15":[335.47977,48.696754],"99":[108.79137,12.864965],"14":[242.12152,28.473328],"74":[294.1947,51.047775],"27":[253.00446,39.819614],"20":[284.5546,35.49992],"89":[302.29938,23.228224],"52":[111.77283,17.192839],"69":[296.937,51.92181],"30":[208.501,36.62975],"6":[280.70905,42.00439],"38":[250.73589,17.13065],"35":[322.03848,55.832848],"73":[210.80362,20.836077],"45":[244.52426,22.848625],"80":[271.93515,33.574383],"25":[247.39226,21.350554],"43":[267.99976,38.00257],"53":[144.88002,34.634182],"37":[227.98668,28.507368],"39":[217.0524,32.04188],"50":[0.0,0.0],"59":[308.41306,30.564077],"62":[288.9399,24.323643],"1":[374.43143,62.050346],"94":[200.1737,33.415867],"18":[271.25766,39.459793],"81":[134.97702,33.454346],"63":[325.15536,32.919155],"85":[102.264626,12.721446],"26":[374.87442,47.665413],"31":[217.06744,31.237986],"47":[263.1465,29.324501],"70":[419.30618,56.082386],"12":[163.7131,28.753826],"86":[0.0,0.0],"22":[0.0,0.0],"78":[320.91425,42.34145],"4":[294.014,41.874203],"55":[233.17981,42.803257],"61":[230.43889,24.695148],"90":[272.31174,49.530235],"0":[293.5249,43.446217],"100":[145.10477,25.483387],"84":[80.60065,11.714625],"23":[265.44644,41.04859],"75":[321.56036,44.51614],"10":[374.9703,45.24857],"19":[0.0,0.0],"9":[242.4635,47.241108],"24":[310.84738,49.651054],"44":[189.89804,13.64238],"54":[329.81244,57.616646],"87":[305.82898,61.82327],"13":[104.63859,22.615847],"77":[331.5766,27.200506],"2":[297.60504,49.214367],"82":[96.58357,13.333967],"76":[523.70184,47.163486],"11":[136.75308,24.592562],"16":[251.30525,40.381855],"28":[331.5541,69.99439],"56":[223.17348,39.080334],"29":[239.06194,38.07181]}