{"52":[4.70431,0.15794797],"82":[4.5599523,0.15399772],"70":[6.0291104,0.14011027],"86":[0.0,0.0],"53":[4.9455233,0.25143415],"11":[4.9024487,0.17644668],"71":[3.986603,0.59817505],"49":[5.70204,0.08169392],"85":[4.6198916,0.123909935],"35":[5.7611146,0.16116549],"21":[4.880264,0.1963112],"40":[5.083507,0.18419184],"68":[5.818105,0.19798099],"13":[4.6260056,0.23440847],"5":[5.898707,0.1749556],"27":[5.520963,0.1582132],"41":[4.8650455,0.1328913],"83":[4.6774826,0.21270214],"23":[5.5695043,0.15433013],"76":[6.2569723,0.08872706],"20":[5.6430902,0.12557942],"18":[5.5924625,0.14592364],"36":[0.0,0.0],"0":[5.6707897,0.15037277],"78":[5.7623944,0.13298547],"17":[5.667134,0.16056506],"37":[5.4214315,0.12571067],"16":[5.5138025,0.1603816],"58":[5.852536,0.16419657],"56":[5.3924704,0.17669222],"61":[5.4341483,0.108757876],"2":[5.681731,0.16884856],"51":[5.02932,0.20070526],"69":[5.6780047,0.1772072],"22":[0.0,0.0],"77":[5.8004794,0.082464255],"54":[5.782734,0.17956446],"28":[5.780866,0.21638808],"73":[5.346019,0.09946016],"32":[5.424859,0.12380192],"81":[4.87381,0.252134],"65":[5.6448894,0.23703803],"26":[5.9183125,0.12975247],"62":[5.6626296,0.084860764],"29":[5.4640036,0.15995762],"38":[5.5220213,0.06959455],"59":[5.726632,0.097642146],"46":[5.6867476,0.11725432],"75":[5.763542,0.13925077],"80":[5.5979114,0.12400247],"63":[5.779067,0.10304788],"67":[5.093174,0.15367903],"60":[5.873931,0.1041915],"48":[5.720878,0.12549587],"9":[5.4712677,0.20430748],"6":[5.6257887,0.1531882],"10":[5.9193525,0.123375535],"39":[5.3689237,0.15107055],"12":[5.082301,0.17918801],"19":[0.0,0.0],"44":[5.2439194,0.07164059],"33":[5.5172977,0.12702553],"34":[5.3621783,0.17739305],"57":[5.507393,0.19929507],"7":[5.763982,0.15488443],"84":[4.364244,0.29514274],"72":[5.8967867,0.16243091],"15":[5.804795,0.14780286],"66":[5.508154,0.12775445],"14":[5.4825544,0.11726974],"31":[5.36987,0.1439514],"24":[5.726311,0.16222933],"30":[5.3248,0.17369978],"43":[5.580955,0.14160897],"45":[5.4948645,0.09485861],"47":[5.5663786,0.11328059],"4":[5.673275,0.14480676],"25":[5.5072713,0.08598556],"42":[4.8423977,0.376061],"50":[0.0,0.0],"64":[5.653675,0.11039302],"79":[5.7978683,0.0986351],"3":[5.837542,0.19206272],"8":[5.805578,0.1690198],"1":[5.9110746,0.17144819],"74":[5.6684175,0.18491729],"55":[5.434601,0.18675007]}